{"cameraMode":{"drawMode":0,"name":"Shaded","section":"Shading Mode"},"sceneLighting":true,"audioPlay":false,"sceneViewState":{"showFog":true,"showMaterialUpdate":true,"showSkybox":true,"showFlares":true,"showImageEffects":true,"showParticleSystems":true},"in2DMode":false,"pivot":{"x":-1.0665770769119263,"y":0.012639999389648438,"z":2.036226272583008},"rotation":{"x":0.3271560072898865,"y":0.6335156559944153,"z":-0.33709636330604555,"w":0.6148304343223572},"size":6.155432224273682,"orthographic":false}